-- phpMyAdmin SQL Dump
-- version 4.7.4
-- https://www.phpmyadmin.net/
--
-- Hôte : 127.0.0.1
-- Généré le :  mar. 24 avr. 2018 à 23:02
-- Version du serveur :  10.1.28-MariaDB
-- Version de PHP :  7.1.11

SET SQL_MODE = "NO_AUTO_VALUE_ON_ZERO";
SET AUTOCOMMIT = 0;
START TRANSACTION;
SET time_zone = "+00:00";


/*!40101 SET @OLD_CHARACTER_SET_CLIENT=@@CHARACTER_SET_CLIENT */;
/*!40101 SET @OLD_CHARACTER_SET_RESULTS=@@CHARACTER_SET_RESULTS */;
/*!40101 SET @OLD_COLLATION_CONNECTION=@@COLLATION_CONNECTION */;
/*!40101 SET NAMES utf8mb4 */;

--
-- Base de données :  `bundlestore`
--

-- --------------------------------------------------------

--
-- Structure de la table `gamepacks`
--

CREATE TABLE `gamepacks` (
  `id` int(10) UNSIGNED NOT NULL,
  `name` varchar(191) COLLATE utf8mb4_unicode_ci NOT NULL,
  `slug` varchar(191) COLLATE utf8mb4_unicode_ci NOT NULL,
  `games_amount` varchar(191) COLLATE utf8mb4_unicode_ci DEFAULT NULL,
  `created_at` timestamp NULL DEFAULT NULL,
  `updated_at` timestamp NULL DEFAULT NULL
) ENGINE=InnoDB DEFAULT CHARSET=utf8mb4 COLLATE=utf8mb4_unicode_ci;

--
-- Déchargement des données de la table `gamepacks`
--

INSERT INTO `gamepacks` (`id`, `name`, `slug`, `games_amount`, `created_at`, `updated_at`) VALUES
(1, 'Dark Souls', 'dark-souls-pack', NULL, '2018-04-22 03:48:58', '2018-04-22 03:48:58'),
(2, 'Warcraft', 'warcraft-pack', NULL, '2018-04-22 03:48:58', '2018-04-22 03:48:58'),
(3, 'Stratégie', 'strategy-pack', NULL, '2018-04-22 03:48:58', '2018-04-22 03:48:58'),
(4, 'Action', 'action-pack', NULL, '2018-04-22 03:48:59', '2018-04-22 03:48:59'),
(5, 'Need For Speed', 'need-for-speed-pack', NULL, '2018-04-22 03:48:59', '2018-04-22 03:48:59'),
(6, 'The Elder Scrolls', 'the-elder-scrolls-pack', NULL, '2018-04-22 03:48:59', '2018-04-22 03:48:59'),
(7, 'Total War', 'total-war-pack', NULL, '2018-04-22 03:48:59', '2018-04-22 03:48:59'),
(8, 'FPS', 'fps-pack', NULL, '2018-04-22 03:48:59', '2018-04-22 03:48:59'),
(9, 'Hack and Slash', 'hack-and-slash-pack', NULL, '2018-04-22 03:48:59', '2018-04-22 03:48:59'),
(10, 'Combat', 'combat-pack', NULL, '2018-04-22 03:48:59', '2018-04-22 03:48:59'),
(11, 'Gestion', 'gestion-pack', NULL, '2018-04-22 03:48:59', '2018-04-22 03:48:59'),
(12, 'Paradox Interactive', 'pi-pack', NULL, '2018-04-22 03:48:59', '2018-04-22 03:48:59'),
(13, 'Telltale Games', 'ttg-pack', NULL, '2018-04-22 03:48:59', '2018-04-22 03:48:59'),
(14, 'Fallout', 'fallout-pack', NULL, '2018-04-22 03:48:59', '2018-04-22 03:48:59'),
(15, 'Simulation', 'simulation-pack', NULL, '2018-04-22 03:48:59', '2018-04-22 03:48:59'),
(16, 'Call of Duty', 'cod-pack', NULL, '2018-04-22 03:48:59', '2018-04-22 03:48:59'),
(17, 'Tom Clancy\'s', 'tom-clancys-pack', NULL, '2018-04-22 03:48:59', '2018-04-22 03:48:59'),
(18, 'Assassin\'s Creed', 'ac-pack', NULL, '2018-04-22 03:48:59', '2018-04-22 03:48:59');

-- --------------------------------------------------------

--
-- Structure de la table `games`
--

CREATE TABLE `games` (
  `id` int(10) UNSIGNED NOT NULL,
  `name` varchar(191) COLLATE utf8mb4_unicode_ci NOT NULL,
  `description` longtext COLLATE utf8mb4_unicode_ci,
  `genre` varchar(191) COLLATE utf8mb4_unicode_ci NOT NULL,
  `release_date` varchar(191) COLLATE utf8mb4_unicode_ci NOT NULL,
  `image` varchar(191) COLLATE utf8mb4_unicode_ci NOT NULL,
  `gamepack_id` int(10) UNSIGNED NOT NULL,
  `created_at` timestamp NULL DEFAULT NULL,
  `updated_at` timestamp NULL DEFAULT NULL
) ENGINE=InnoDB DEFAULT CHARSET=utf8mb4 COLLATE=utf8mb4_unicode_ci;

--
-- Déchargement des données de la table `games`
--

INSERT INTO `games` (`id`, `name`, `description`, `genre`, `release_date`, `image`, `gamepack_id`, `created_at`, `updated_at`) VALUES
(1, 'Dark Souls', 'Dark Souls is the new action role-playing game from the developers who brought you Demon’s Souls, FromSoftware. Dark Souls will have many familiar features: A dark fantasy universe, tense dungeon crawling, fearsome enemy encounters and unique online interactions. Dark Souls is a spiritual successor to Demon’s, not a sequel. Prepare for a new, despair-inducing world, with a vast, fully-explorable horizon and vertically-oriented landforms. Prepare for a new, mysterious story, centered around the world of Lodran, but most of all, prepare to die. You will face countless murderous traps, countless darkly grotesque mobs and several gargantuan, supremely powerful demons and dragons bosses. You must learn from death to persist through this unforgiving world. And you aren’t alone. Dark Souls allows the spirits of other players to show up in your world, so you can learn from their deaths and they can learn from yours. You can also summon players into your world to co-op adventure, or invade other\'s worlds to PVP battle. New to Dark Souls are Bonfires, which serve as check points as you fight your way through this epic adventure. While rested at Bonfires, your health and magic replenish but at a cost, all mobs respawn. Beware: There is no place in Dark Souls that is truly safe. With days of game play and an even more punishing difficulty level, Dark Souls will be the most deeply challenging game you play this year. Can you live through a million deaths and earn your legacy?', 'Role-playing (RPG)', '2011-Sep-22', 'https://images.igdb.com/igdb/image/upload/t_1080p/e57qvevkjfapzizl3qhn.jpg', 1, '2018-04-22 03:49:01', '2018-04-22 03:49:01'),
(2, 'Dark Souls III', 'As fires fade and the world falls into ruin, developer FROMSOFTWARE and director Hidetaka Miyazaki continue their critically-acclaimed and genre-defining series with Dark Souls III. Fans and newcomers alike will get lost in the games hallmark rewarding gameplay and immersive graphics. Now only embers remain…', 'Role-playing (RPG)', '2016-Apr-12', 'https://images.igdb.com/igdb/image/upload/t_1080p/c1mahksyzikn8eyjai8q.jpg', 1, '2018-04-22 03:49:02', '2018-04-22 03:49:02'),
(3, 'Dark Souls II', 'The unique old-school action rpg experience captivated imaginations of gamers worldwide with incredible challenge and intense emotional reward.\nDark Souls II brings the franchise’s renowned difficulty & gripping gameplay innovations to both single and multiplayer experiences. \n\nImmerse yourself into mind-bending environments filled with new twisted monsters and deadly bosses that could only come from the imagination of from software. A wide range of threats will prey on human senses & phobias - auditory hallucinations, vertigo, acrophobia, etc.', 'Role-playing (RPG)', '2014-Mar-11', 'https://images.igdb.com/igdb/image/upload/t_1080p/nloqc3fralrxbrgtgr7k.jpg', 1, '2018-04-22 03:49:02', '2018-04-22 03:49:02'),
(4, 'Dark Souls: Remastered', 'Developed by FromSoftware Inc., DARK SOULS: REMASTERED allows players to explore the twisted ancient land of Lordran in the first title of the critically acclaimed action role-playing series like never before. Experience the rich world of DARK SOULS in upscaled 4K resolution with 60FPS when playing on a PlayStation 4 Pro system, Xbox One X, and PC. Also, 1080p resolution with 30FPS is available when playing the game on Nintendo Switch with its TV mode. From their first timid steps to absolute mastery, players will build their characters by strategically adapting to daunting foes, exploring haunting locations, and amassing a large collection of weapons, armour and magic spells to utilise for a truly unique playstyle. \n \nDARK SOULS: REMASTERED marks the DARK SOULS series debut on a Nintendo platform, and for the first time ever can be played on the go with the unique capabilities of the Nintendo Switch console.', 'Role-playing (RPG)', '2018-Q3', 'https://images.igdb.com/igdb/image/upload/t_1080p/kvr6upeqbsvt7nunhlf4.jpg', 1, '2018-04-22 03:49:03', '2018-04-22 03:49:03'),
(5, 'World of Warcraft: Cataclysm', 'Cataclysm returns players to the two continents of Azeroth for most of their campaigning, after years away in Outland and Northrend. New zones opened such as Mount Hyjal, the sunken world of Vashj\'ir, Deepholm, Uldum and the Twilight Highlands. It includes two new playable races: the worgen from the legendary kingdom of Gilneas for the Alliance, and the goblins of the Bilgewater Cartel from the isle of Kezan for the Horde. Flying mounts are usable in Kalimdor and Eastern Kingdoms, and the new secondary profession Archaeology is introduced.', 'Role-playing (RPG)', '2010-Dec-07', '//images.igdb.com/igdb/image/upload/t_1080p/epwl9m61vvohe7uubk1d.jpg', 2, '2018-04-22 03:49:04', '2018-04-22 03:49:04'),
(6, 'Warcraft II: Beyond the Dark Portal', 'Warcraft II: Beyond the Dark Portal is an expansion pack for Warcraft II: Tides of Darkness. After defeating the Orcish Horde and capturing the survivors, the Human Alliance attempts to destroy the Dark Portal. However, whilst they destroy the portal, the rift that joins the Orcs\' world of Draenor to Azeroth remains. \n \nThe Alliance forces decide to enter the rift to the Orcs\' home world to attempt to seal it from the other side. \n \nAt the same time, Ner\'zhul - Warchief of the Shadow Moon clan, who has seized control of the Orcish hordes of Draenor following Orgrim Doomhammer\'s departure (and eventual defeat) to Azeroth, plans to send his forces to Azeroth to gather magical artefacts in an attempt to open rifts to other worlds. \n \nBeyond the Dark Portal contains two 12 map campaigns; one for each side, 50 new pud\'s (maps) and a new tile set for the Orc home world. \n \nIt also contains 5 new hero characters for each side that actively participate in several of the new single player missions. In function, they are simply super powered versions of standard units that have different sounds. \n \nThere are no new standard units however, which many saw as a disappointment. \n \nThe map editor also isn\'t updated to include any of this expansion\'s new features, though third party programs exist that can add these features to the editor.', 'Real Time Strategy (RTS)', '1996-Apr-30', '//images.igdb.com/igdb/image/upload/t_1080p/cundwztjmcsjxfro46nb.jpg', 2, '2018-04-22 03:49:04', '2018-04-22 03:49:04'),
(7, 'World of Warcraft: The Burning Crusade', 'World of Warcraft: The Burning Crusade, the first expansion for World of Warcraft. Including an increase of the level cap, the introduction of the blood elves and the draenei as playable races, and the addition of the world of Outland, along with many new zones, dungeons, items, quests, and monsters.', 'Role-playing (RPG)', '2007-Jan-15', '//images.igdb.com/igdb/image/upload/t_1080p/gmvflcngdn5ykbwclpvs.jpg', 2, '2018-04-22 03:49:04', '2018-04-22 03:49:04'),
(8, 'Warcraft II: Tides of Darkness', 'Warcraft 2 is a successor of the popular Warcraft real-time strategy game. The game contains many improvements over the previous version in graphics, sounds and playability. The Multiplayer was also greatly improved allowing up to 8 players in the marvelous multiplayer skirmish.', 'Real Time Strategy (RTS)', '1995-Dec-09', '//images.igdb.com/igdb/image/upload/t_1080p/olpk2nfqu4susanmykqu.jpg', 2, '2018-04-22 03:49:05', '2018-04-22 03:49:05'),
(9, 'Warcraft: Orcs & Humans', 'Warcraft: Orcs & Humans is the first strategy game from Warcraft series developed by Blizzard Entertainment. The Orcish hordes are summoned through the dark portal to the peaceful human Kingdom of Azeroth. When the two races met each other, terrible war has began. Only one race can dominate the land.\n\nPlayer can choose to play for Humans or Orcs. There are 12 scenarios for both sites with mostly single objective: to destroy the enemies. You have to mine gold and wood and produce buildings and soldiers.', 'Real Time Strategy (RTS)', '1994-Nov-23', '//images.igdb.com/igdb/image/upload/t_1080p/zqnff2pzs4pkhl4winck.jpg', 2, '2018-04-22 03:49:05', '2018-04-22 03:49:05'),
(10, 'Sid Meier\'s Civilization VI', 'Civilization is a turn-based strategy game in which you attempt to build an empire to stand the test of time. Become Ruler of the World by establishing and leading a civilization from the Stone Age to the Information Age. Wage war, conduct diplomacy, advance your culture, and go head-to-head with history’s greatest leaders as you attempt to build the greatest civilization the world has ever known.\n\nCivilization VI offers new ways to engage with your world: cities now physically expand across the map, active research in technology and culture unlocks new potential, and competing leaders will pursue their own agendas based on their historical traits as you race for one of five ways to achieve victory in the game.', 'Simulator', '2017-Dec-21', 'https://images.igdb.com/igdb/image/upload/t_1080p/zhqjcjfltpubefktcghk.jpg', 3, '2018-04-22 03:49:08', '2018-04-22 03:49:08'),
(11, 'XCOM 2', 'In XCOM 2, the roles have been reversed, and XCOM is now the invading force. They are hampered by limited resources and must constantly evade the alien threat in their new mobile headquarters. Players must use a combination of firepower and stealth-like tactics to help XCOM recruit soldiers and build a resistance network, while attempting to expose the evil alien agenda and save humanity. \n\nXCOM 2 will introduce gameplay features such as procedurally-generated levels, which will make each experience unique to the player, as well as offer a much deeper level of modding support. Additionally, XCOM 2 will offer a variety of new content including five updated soldier classes, increased soldier customization, more alien and enemy types, evolved tactical combat and more.', 'Role-playing (RPG)', '2016-Apr-07', 'https://images.igdb.com/igdb/image/upload/t_1080p/ozntsi8g8zxrc44kuibz.jpg', 3, '2018-04-22 03:49:09', '2018-04-22 03:49:09'),
(12, 'Total War: Warhammer II', '\"The second in a trilogy and sequel to the award-winning Total War: WARHAMMER, Total War: WARHAMMER II brings players a breathtaking new narrative campaign, set across the vast continents of Lustria, Ulthuan, Naggaroth and the Southlands. The Great Vortex Campaign builds pace to culminate in a definitive and climactic endgame, an experience unlike any other Total War title to date. \n \nPlaying as one of 8 Legendary Lords across 4 iconic races from the world of Warhammer Fantasy Battles, players must succeed in performing a series of powerful arcane rituals in order to stabilise or disrupt The Great Vortex, while foiling the progress of the other races. Each Legendary Lord has a unique geographical starting position, and each race offers a distinctive new playstyle with unique campaign mechanics, narrative, methods of war, armies, monsters, Lores of Magic, legendary characters, and staggering new battlefield bombardment abilities. \n \nShortly after launch, owners of both the original game and Total War™ WARHAMMER II will gain access to the colossal new combined campaign. Merging the landmasses of The Old World plus Naggaroth, Lustria, Ulthuan and the Southlands into a single epic map, players may embark on monumental campaigns as any owned Race from both titles.\"', 'Real Time Strategy (RTS)', '2017-Sep-28', 'https://images.igdb.com/igdb/image/upload/t_1080p/jtb3tn5zdf7ryqjoozsh.jpg', 3, '2018-04-22 03:49:09', '2018-04-22 03:49:09'),
(13, 'StarCraft II: Wings of Liberty', 'In the distant future, in the darkest reaches of space, the ghosts of the past whisper your name. You are Jim Raynor, a marshal-turned-rebel on a vigilante crusade to bring down the Dominion and its nefarious leader, Arcturus Mengsk. Haunted by betrayal and remorse, some believe you may have given up the fight. But you have promises to keep… and a need for vengeance that’s long overdue.', 'Real Time Strategy (RTS)', '2010-Jul-27', 'https://images.igdb.com/igdb/image/upload/t_1080p/bgn7cqukcnskka73rwse.jpg', 3, '2018-04-22 03:49:09', '2018-04-22 03:49:09'),
(14, 'Aven Colony', 'Aven Colony is a city-building and management sim that tells the story of humanity’s first settlement of an extrasolar world. Land on exotic Aven Prime, where you must construct and maintain the infrastructure and ensure the well-being of your citizens, all while dealing with the often harsh realities of an exotic alien world. \n \nOn top of this, you’ll face the greatest challenge of all — keeping your people happy. How will you feed your people? Will you be able to provide them with enough jobs, entertainment, retail outlets, and other services while protecting them from the planet’s many dangers? What social policies will you enact to influence your people? The future of the colony rests on your decisions.', 'Simulator', '2017-Jul-25', 'https://images.igdb.com/igdb/image/upload/t_1080p/ytpqwh64xhkfdto1ajxn.jpg', 3, '2018-04-22 03:49:09', '2018-04-22 03:49:09'),
(15, 'NieR: Automata', 'NieR: Automata is an upcoming action role-playing game developed by PlatinumGames and published by Square Enix for the PlayStation 4. \n \nThe game is set in the same universe as NieR, a spin-off of the Drakengard series, and takes place several thousand years after the events of that game. Humanity has fled to the moon to escape an invading machine army from another world. Combat androids called YoRHa remain on the planet to fight in a proxy war against the invaders.', 'Role-playing (RPG)', '2017-Feb-23', 'https://images.igdb.com/igdb/image/upload/t_1080p/qhok1pi6egmfizjjii7r.jpg', 4, '2018-04-22 03:49:10', '2018-04-22 03:49:10'),
(16, 'Mass Effect: Andromeda', 'A new adventure awaits in the Mass Effect universe. With stunning visuals and a new galaxy to discover, BioWare delivers the next generation of space exploration. \n \nCommander Shepard\'s story may be over, but there are many more stories to tell in the Mass Effect universe. Mass Effect Andromeda will be set in a new galaxy, with new characters, new quests and a whole load of new consequence-laden decisions to make. \n \nMass Effect: Andromeda takes you to the Andromeda galaxy, far beyond the Milky Way. There, you\'ll lead our fight for a new home in hostile territory - where WE are the aliens. \n \nPlay as the Pathfinder - a leader of a squad of military-trained explorers - with deep progression and customisation systems. This is the story of humanity’s next chapter, and your choices throughout the game will ultimately determine our survival in the Andromeda Galaxy. \n \nAs you unfold the mysteries of the Andromeda Galaxy and the hope for humanity lies on your shoulders – You must ask yourself… How far will you go? \n \nKey Features: \n \nReturn to the Mass Effect universe. Lead the first humans in Andromeda on a desperate search for our new home. In this new chapter of Mass Effect, meet and recruit all-new, interesting characters caught up in an epic space saga filled with mystery and galactic conflict. \n \nFight for survival. Battle with your Pathfinder team against terrifying enemies and creatures. New additions like destructible environments, boosted jumps for added verticality, and all-new weapons and Biotics make combat more thrilling than ever. \n \nBuild your hero. Create a formidable hero with amazing weapons, powers and tech. A much more flexible skill and weapon progression tree means you can replicate your play style to make you unstoppable against new, powerful alien enemies. \n \nExplore a new galaxy. Chart your own course in a dangerous new region. Unravel the mysteries of the Andromeda galaxy as you discover rich, alien worlds in the search for humanity’s new home.', 'Shooter', '2017-Mar-22', 'https://images.igdb.com/igdb/image/upload/t_1080p/xnvhxhknmx6qjaxbip0j.jpg', 4, '2018-04-22 03:49:10', '2018-04-22 03:49:10'),
(17, 'Destiny 2', 'In Destiny 2, the last safe city on Earth has fallen and lays in ruins, occupied by a powerful new enemy and his elite army, the Red Legion. Every player creates their own character called a “Guardian,” humanity’s chosen protectors. As a Guardian in Destiny 2, players must master new abilities and weapons to reunite the city’s forces, stand together and fight back to reclaim their home.  \n  \nIn Destiny 2 players will answer this call, embarking on a fresh story filled with new destinations around our solar system to explore, and an expansive amount of activities to discover. There is something for almost every type of gamer in Destiny 2, including gameplay for solo, cooperative and competitive players set within a vast, evolving and exciting universe.', 'Shooter', '2017-Sep-06', 'https://images.igdb.com/igdb/image/upload/t_1080p/orklbkpdl7ujiojb9ibf.jpg', 4, '2018-04-22 03:49:10', '2018-04-22 03:49:10'),
(18, 'Tom Clancy\'s Ghost Recon: Wildlands', 'Bolivia, a few years from now: this beautiful South American country has become the largest cocaine producer in the world. The influential and vicious Santa Blanca drug cartel has turned the country into a narco-state, leading to lawlessness, fear, injustice, and violence. The cartel is on track to becoming a major underworld power and global threat. \n \nAn all-out war is not the answer. A surgical, stealthy, lethal approach is the only way to stop the disease at its source. The Ghosts, an elite US Special Forces team, are sent behind enemy lines to wreak havoc, destabilize, and eventually break the alliance between the cartel and the corrupted government. \n \nFacing an almighty enemy in a massive and hostile environment, the Ghosts will need to make critical moral choices and engage in tough battles to complete their mission – their grittiest and most dangerous operation to date.', 'Shooter', '2017-Mar-07', 'https://images.igdb.com/igdb/image/upload/t_1080p/hopbipftq7f10jyuynwj.jpg', 4, '2018-04-22 03:49:10', '2018-04-22 03:49:10'),
(19, 'PLAYERUNKNOWN\'S BATTLEGROUNDS', 'PLAYERUNKNOWN\'S BATTLEGROUNDS is a last-man-standing shooter being developed with community feedback. Starting with nothing, players must fight to locate weapons and supplies in a battle to be the lone survivor. This realistic, high tension game is set on a massive 8x8 km island with a level of detail that showcases Unreal Engine 4’s capabilities.', 'Shooter', '2017-Dec-20', 'https://images.igdb.com/igdb/image/upload/t_1080p/lvoic2oakbklg2dytgpa.jpg', 4, '2018-04-22 03:49:10', '2018-04-22 03:49:10'),
(20, 'Need For Speed: Payback', '\"This explosive adventure is filled with intense heist missions, high stakes car battles, epic cop pursuits and jaw dropping set pieces. It’s blockbuster gameplay never before seen from the series, fueled by a gripping story of betrayal and revenge. With Need for Speed: Payback, it’s no longer just about being the first to cross the finish line or racing to prove to be the best, it’s about building the perfect ride, getting behind the wheel and playing out an action driving fantasy. \n \nSet in the underworld of Fortune Valley, players will drive as three distinct characters reunited by a quest for vengeance against The House, a nefarious cartel that rules the city’s casinos, criminals and cops. They will take on a variety of challenges and events as Tyler, the Racer; Mac, the Showman; and Jess, the Wheelman to earn the respect of the underground. Featuring the deepest customization from the series, players can truly craft a personalized and unique ride, or spend hours finding and tuning an abandoned derelict into a supercar. They can then push their cars to the limit and raise the stakes by betting on their own performance, where they can either multiply their winnings or risk losing it all.\"', 'Racing', '2017-Nov-10', 'https://images.igdb.com/igdb/image/upload/t_1080p/ufu85bhpdouoamausfld.jpg', 5, '2018-04-22 03:49:12', '2018-04-22 03:49:12'),
(21, 'Need for Speed', 'With over 20 years of history in its rear view mirror, Need for Speed returns with a reboot that delivers on what Need for Speed stands for - rich customization, authentic urban car culture, a nocturnal open world, and an immersive narrative that drives your NFS game.', 'Racing', '2015-Nov-03', 'https://images.igdb.com/igdb/image/upload/t_1080p/puyj56dxdl9laa2nbrue.jpg', 5, '2018-04-22 03:49:12', '2018-04-22 03:49:12'),
(22, 'Need for Speed: No Limits', 'A racing game for iOS and Android.', 'Racing', '2015-Oct-01', 'https://images.igdb.com/igdb/image/upload/t_1080p/pnzozce2jsdd8sl8ofkw.jpg', 5, '2018-04-22 03:49:12', '2018-04-22 03:49:12'),
(23, 'Need for Speed Rivals', 'Players assume the role of both cops and lawbreakers in Need for Speed: Rivals, which is the inaugural outing of Ghost Games – the rebranded EA Gothenburg studio in Sweden. Ghost Games is made up of talent moved over from UK-based Criterion Games, best known for its work on the Burnout series and shooter Black, along with former DICE staff.', 'Racing', '2013-Nov-19', 'https://images.igdb.com/igdb/image/upload/t_1080p/xirj0xspbzdxhiegdlqn.jpg', 5, '2018-04-22 03:49:12', '2018-04-22 03:49:12'),
(24, 'Need for Speed: Most Wanted', 'Need for Speed: Most Wanted takes on the gameplay style of the first Most Wanted title in the Need for Speed franchise. Most Wanted allows players to select one car and compete against other racers in three types of events: Sprint races, which involves traveling from one point of the city to another, Circuit races, each having two or three laps total and Speed runs, which involve traversing through a course in the highest average speed possible. There is also the Ambush races, which start with the player surrounded by cops and tasked to evade their pursuit as quickly as possible.', 'Racing', '2012-Oct-30', 'https://images.igdb.com/igdb/image/upload/t_1080p/onlimcrgz1zsngrffmql.jpg', 5, '2018-04-22 03:49:12', '2018-04-22 03:49:12'),
(25, 'The Elder Scrolls V: Skyrim', 'The next chapter in the highly anticipated Elder Scrolls saga arrives from the makers of the 2006 and 2008 Games of the Year, Bethesda Game Studios. Skyrim reimagines and revolutionizes the open-world fantasy epic, bringing to life a complete virtual world open for you to explore any way you choose.  \n \nPlay any type of character you can imagine, and do whatever you want; the legendary freedom of choice, storytelling, and adventure of The Elder Scrolls is realized like never before.  \n \nSkyrim’s new game engine brings to life a complete virtual world with rolling clouds, rugged mountains, bustling cities, lush fields, and ancient dungeons.  \n \nChoose from hundreds of weapons, spells, and abilities. The new character system allows you to play any way you want and define yourself through your actions.  \n \nBattle ancient dragons like you’ve never seen. As Dragonborn, learn their secrets and harness their power for yourself.', 'Role-playing (RPG)', '2017-Nov-17', 'https://images.igdb.com/igdb/image/upload/t_1080p/yakiwtuy29tu0atooopm.jpg', 6, '2018-04-22 03:49:14', '2018-04-22 03:49:14'),
(26, 'The Elder Scrolls IV: Oblivion', 'After the mysterious and untimely death of the Emperor, desperate factions vie for control of Tamriel\'s throne. With the empire ready to crumble, the gates of Oblivion open and demons march upon the land, laying waste to everything in their path. To turn the tide of darkness the player must find the lost heir to the throne and unravel the sinister plot that threatens to destroy all of Tamriel.', 'Role-playing (RPG)', '2007-Mar-20', 'https://images.igdb.com/igdb/image/upload/t_1080p/sv4nva12ensjqmqiqltn.jpg', 6, '2018-04-22 03:49:14', '2018-04-22 03:49:14'),
(27, 'The Elder Scrolls III: Morrowind', 'The Elder Scrolls III: Morrowind is an open world fantasy action role-playing video game developed by Bethesda Game Studios, and published by Bethesda Softworks and Ubisoft. It is the third installment in The Elder Scrolls series of games, following The Elder Scrolls II: Daggerfall, and preceding The Elder Scrolls IV: Oblivion. It was released in North America in 2002 for Microsoft Windows and the Xbox. \n \nThe main story takes place on Vvardenfell, an island in the Dunmer province of Morrowind, which lies in the empire of Tamriel and is far from the more civilized lands to the west and south that typified Daggerfall and Arena. The central quests concern the deity Dagoth Ur, housed within the volcanic Red Mountain, who seeks to gain power and break Morrowind free from Imperial reign.', 'Role-playing (RPG)', '2002-Jun-06', 'https://images.igdb.com/igdb/image/upload/t_1080p/ovcvmuzoszpazgfrbiun.jpg', 6, '2018-04-22 03:49:14', '2018-04-22 03:49:14'),
(28, 'The Elder Scrolls: Legends', 'The Elder Scrolls: Legends is a strategy card game that explores the series’ characters, creatures, deities, and lore. Whether you have 10 minutes or five hours, Legends provides a variety of gameplay modes and challenges that are easy-to-learn but difficult to master. Built with all levels of players in mind, Legends offers accessible gameplay for beginners who want to get started quickly, and the game’s depth keeps expert players engaged. With a wide variety of deck types and strategies, no two games are ever the same. Best of all, jumping into the game doesn’t cost a thing.', 'Strategy', '2017-Mar-09', 'https://images.igdb.com/igdb/image/upload/t_1080p/al3ugpmhcnegq2olmaop.jpg', 6, '2018-04-22 03:49:14', '2018-04-22 03:49:14'),
(29, 'The Elder Scrolls Online: Morrowind', 'The Elder Scrolls Online: Morrowind is the next Chapter of ZeniMax Online Studios’ award-winning online RPG, The Elder Scrolls Online (ESO). This new adventure will return Elder Scrolls fans to the legendary island of Vvardenfell, the same iconic environment featured in Bethesda Game Studios’ genre-defining open world RPG, The Elder Scrolls III: Morrowind. \n \nIntroducing an enormous new zone, a new player class, more than 30 hours of main story content, a new Trial, and a new three-team, 4v4v4 PvP mode, The Elder Scrolls Online: Morrowind will be the biggest addition to The Elder Scrolls Online yet, offering a new adventure for ESO veterans as well as a fresh Elder Scrolls saga for players new to the game. \n \nReturn to Morrowind: Vvardenfell is the largest zone added to The Elder Scrolls Online since launch and utilizes the same geographic footprint as The Elder Scrolls III, including all key points of interest from the classic game. Players will embark on a dangerous journey through legendary locales in Vvardenfell, 700 years before the events of The Elder Scrolls III, from the docks of Seyda Neen, to the volcanic Ashlands, to dense, mushroom-filled forests, and through the glory of Vivec City, still under construction in this time period. \n \nNew Class – The Warden: Players will harness nature-based magic to master the powerful new character class - The Warden. The Warden is the first new class since launch of ESO, and true to ESO and the Elder Scrolls franchise, the player will have the freedom to select from a number of abilities that enable a variety of play styles. The Warden also introduces a devastating new combat ally – the War Bear – a ferocious fighter will stay by the Warden’s side through the most intense battles. \n \nNew PvP Mode -- Battlegrounds: The Elder Scrolls Online is renowned for open world PvP battles, pitting hundreds of players in a massive battle for supremacy in Cyrodiil. The Elder Scrolls Online: Morrowind will introduce a new PvP mode – Battlegrounds – intense 4v4v4 battles in arena-like environments. Players take the battle to the Ashlands to claim their place among the fiercest and most accomplished combat veterans in Tamriel.', 'Role-playing (RPG)', '2017-Jun-06', 'https://images.igdb.com/igdb/image/upload/t_1080p/szmc0iucjhwegyy45nu2.jpg', 6, '2018-04-22 03:49:14', '2018-04-22 03:49:14'),
(30, 'Total War: Rome II', 'Encompassing one of the best-known periods in world history, Total War: Rome II will combines turn-based campaigns with large, cinematic real-time battles. \n \nBecome the world\'s first superpower and command the most incredible and vast war machine of the Ancient world. Dominate the enemies of your glorious empire by military, economic and political means. Your rise will bring admiration from your followers but will also attract greed and jealousy, even from your closest allies. Will betrayal strike you down, or will you be the first to turn on old friends? How much are you ready to sacrifice for your vision of Rome? Will you fight to save the Republic, or plot to rule alone as Dictator – as Emperor?', 'Real Time Strategy (RTS)', '2013-Sep-03', 'https://images.igdb.com/igdb/image/upload/t_1080p/bpwwkwvmlclubf3w5zps.jpg', 7, '2018-04-22 03:49:15', '2018-04-22 03:49:15'),
(31, 'Empire: Total War', 'Empire: Total War introduces a host of revolutionary new features, including true 3D naval combat. For the first time in the Total War series, you will be able to intuitively command single ships or vast fleets upon seascapes rich with extraordinary water and weather effects that play a huge role in your eventual glorious success or ignominious defeat. After pummelling your enemy with cannon fire, close in to grapple their ship and prepare to board, taking control of your men as they fight hand-to-hand on the decks of these wooden behemoths. \n \nIn addition, Empire: Total War will see further enhancements to the Total War series’ signature 3D battles and turn-based campaign map. Real-time battles will pose new challenges with the addition of cannon and musket, challenging players to master new formations and tactics as a result of the increasing role of gunpowder within warfare. And the Campaign Map for many, the heart of Total War introduces a variety of new and upgraded elements, including new systems for Trade, Diplomacy and Espionage with agents; a refined and streamlined UI; improved Advisors; and a vastly extended scope, taking in the riches of India, the turbulence of Europe and, for the first time, the untapped potential of the United States of America.', 'Real Time Strategy (RTS)', '2014-Dec-08', 'https://images.igdb.com/igdb/image/upload/t_1080p/hderfp5trji6bx3oob9p.jpg', 7, '2018-04-22 03:49:16', '2018-04-22 03:49:16'),
(32, 'Napoleon: Total War', 'Napoleon: Total War is the new chapter in the critically acclaimed Total War series and opens up a new narrative layer to the genre-defining franchise. From the early Italian campaign to the battle of Waterloo, Napoleon covers two decades of relentless battles, a backdrop of a world in flames against which the story of an extraordinary military career unfolds. \n \nWhether you play as the legendary general or against him, the outcome of war can never be guaranteed. The course of history relies on your ability to lead your troops through the most intense battles as never seen before in a Total War game.', 'Real Time Strategy (RTS)', '2010-Feb-23', 'https://images.igdb.com/igdb/image/upload/t_1080p/rzuzw6xuoziswnmjj86w.jpg', 7, '2018-04-22 03:49:16', '2018-04-22 03:49:16'),
(33, 'Total War: Warhammer II', '\"The second in a trilogy and sequel to the award-winning Total War: WARHAMMER, Total War: WARHAMMER II brings players a breathtaking new narrative campaign, set across the vast continents of Lustria, Ulthuan, Naggaroth and the Southlands. The Great Vortex Campaign builds pace to culminate in a definitive and climactic endgame, an experience unlike any other Total War title to date. \n \nPlaying as one of 8 Legendary Lords across 4 iconic races from the world of Warhammer Fantasy Battles, players must succeed in performing a series of powerful arcane rituals in order to stabilise or disrupt The Great Vortex, while foiling the progress of the other races. Each Legendary Lord has a unique geographical starting position, and each race offers a distinctive new playstyle with unique campaign mechanics, narrative, methods of war, armies, monsters, Lores of Magic, legendary characters, and staggering new battlefield bombardment abilities. \n \nShortly after launch, owners of both the original game and Total War™ WARHAMMER II will gain access to the colossal new combined campaign. Merging the landmasses of The Old World plus Naggaroth, Lustria, Ulthuan and the Southlands into a single epic map, players may embark on monumental campaigns as any owned Race from both titles.\"', 'Real Time Strategy (RTS)', '2017-Sep-28', 'https://images.igdb.com/igdb/image/upload/t_1080p/jtb3tn5zdf7ryqjoozsh.jpg', 7, '2018-04-22 03:49:16', '2018-04-22 03:49:16'),
(34, 'Total War: Attila', 'Against a darkening background of famine, disease and war, a new power is rising in the great steppes of the East. With a million horsemen at his back, the ultimate warrior king approaches, and his sights are set on Rome…\n\nThe next instalment in the multi award-winning PC series that combines turn-based strategy with real-time tactics, Total War: ATTILA casts players back to 395 AD. A time of apocalyptic turmoil at the very dawn of the Dark Ages.\n\nHow far will you go to survive? Will you sweep oppression from the world and carve out a barbarian or Eastern kingdom of your own? Or will you brace against the coming storm as the last remnants of the Roman Empire, in the ultimate survival-strategy challenge?\n\nThe Scourge of God is coming. Your world will burn.', 'Real Time Strategy (RTS)', '2015-Dec-10', 'https://images.igdb.com/igdb/image/upload/t_1080p/rirq6l90opsntcwcsioc.jpg', 7, '2018-04-22 03:49:16', '2018-04-22 03:49:16'),
(35, 'Wolfenstein II: The New Colossus', 'Wolfenstein II: The New Colossus is the highly anticipated sequel to the critically acclaimed, Wolfenstein: The New Order developed by the award-winning studio MachineGames. An exhilarating adventure brought to life by the industry-leading id Tech 6, Wolfenstein II sends players to Nazi-controlled America on a mission to recruit the boldest resistance leaders left. Fight the Nazis in iconic American locations, equip an arsenal of badass guns, and unleash new abilities to blast your way through legions of Nazi soldiers in this definitive first-person shooter. America, 1961. The Nazis maintain their stranglehold on the world. You are BJ Blazkowicz, aka “Terror-Billy,” member of the Resistance, scourge of the Nazi empire, and humanity’s last hope for liberty. Only you have the guts, guns, and gumption to return stateside, kill every Nazi in sight, and spark the second American Revolution.', 'Shooter', '2018-Q2', 'https://images.igdb.com/igdb/image/upload/t_1080p/kb003ljwkc8hxmlrwpkg.jpg', 8, '2018-04-22 03:49:17', '2018-04-22 03:49:17'),
(36, 'Call of Duty: WWII', 'Call of Duty: WWII creates the definitive World War II next generation experience across three different game modes: Campaign, Multiplayer, and Co-Operative. Featuring stunning visuals, the Campaign transports players to the European theater as they engage in an all-new Call of Duty story set in iconic World War II battles. Multiplayer marks a return to original, boots-on-the ground Call of Duty gameplay. Authentic weapons and traditional run-and-gun action immerse you in a vast array of World War II-themed locations. The Co-Operative mode unleashes a new and original story in a standalone game experience full of unexpected, adrenaline-pumping moments.', 'Shooter', '2017-Nov-03', 'https://images.igdb.com/igdb/image/upload/t_1080p/e7vzqpimo6pwovewqqli.jpg', 8, '2018-04-22 03:49:17', '2018-04-22 03:49:17'),
(37, 'Far Cry 5', 'Welcome to Hope County, Montana, land of the free and the brave, but also home to a fanatical doomsday cult known as The Project at Eden’s Gate that is threatening the community\'s freedom. Stand up to the cult’s leader, Joseph Seed and the Heralds, and spark the fires of resistance that will liberate the besieged community.  \n  \nIn this expansive world, your limits and creativity will be tested against the biggest and most ruthless baddest enemy Far Cry has ever seen. It’ll be wild and it’ll get weird, but as long as you keep your wits about you, the residents of Hope County can rest assured knowing you’re their beacon of hope.', 'Shooter', '2018-Mar-27', 'https://images.igdb.com/igdb/image/upload/t_1080p/cuwotikeyasdnpthudjf.jpg', 8, '2018-04-22 03:49:17', '2018-04-22 03:49:17'),
(38, 'Battlefield 1', 'Discover classic Battlefield gameplay with epic multiplayer and an adventure-filled campaign. Experience the Dawn of All-Out War, Only in Battlefield 1. \n \nFight your way through epic battles going from tight urban combat in a besieged French city to big open spaces in the Italian Alps or frantic combats in the Arabic sand dunes. Experience large-scale battles as infantry or piloting vehicles on land, air and sea, from the tanks and bikes on the ground, to bi-planes and gigantic battleships. \n \nDiscover a new world at war through an adventure-filled campaign, or join in epic multiplayer battles with up to 64 players. Adapt your tactics and strategy to the earth-shattering, dynamic environments and destruction.', 'Shooter', '2016-Oct-21', 'https://images.igdb.com/igdb/image/upload/t_1080p/ts6ceuy9nu1sgwpeabmo.jpg', 8, '2018-04-22 03:49:18', '2018-04-22 03:49:18'),
(39, 'Titanfall 2', 'Titanfall 2 will deliver a crafted experience that explores the unique bond between man and machine. Playable offline, the single player campaign in Titanfall 2 will let fans step out onto the Frontier as a Militia rifleman with aspirations of becoming an elite Pilot. Stranded behind enemy lines and facing overwhelming odds, players must team up with a veteran Titan to uphold a mission they were never meant to carry out.', 'Shooter', '2016-Oct-28', 'https://images.igdb.com/igdb/image/upload/t_1080p/fhbeilnghyhhmjqhinqa.jpg', 8, '2018-04-22 03:49:18', '2018-04-22 03:49:18'),
(40, 'Titan Quest', 'Titan Quest is an action role playing hack and slash video game developed by Iron Lore Entertainment. It was released worldwide by THQ on June 26, 2006. The game was released on Steam, along with the expansion Titan Quest: Immortal Throne, on July 17, 2007. The game is also available via Impulse, GamersGate, GameTap, Direct2Drive and OnLive. In 2013, the IP for Titan Quest, along with most of THQ\'s other games was purchased by Nordic Games.', 'Role-playing (RPG)', '2018-Mar-20', 'https://images.igdb.com/igdb/image/upload/t_1080p/yqxdf0umlkvw6iqg0rll.jpg', 9, '2018-04-22 03:49:19', '2018-04-22 03:49:19'),
(41, 'Diablo II', 'A top down adventure game of epic proportion. Diablo 2 is the continuation of a wonderful world of magic and horror. - - \"There is no escape from chaos, there is only the sweet release of death\"', 'Role-playing (RPG)', '2000-Jun-29', 'https://images.igdb.com/igdb/image/upload/t_1080p/rdxf2fdxiutxiw0dumto.jpg', 9, '2018-04-22 03:49:19', '2018-04-22 03:49:19'),
(42, 'Torchlight II', 'Torchlight II features randomly generated dungeons and numerous types of monsters to fight for loot. Torchlight II is an action RPG as its predecessor, but features overland areas with multiple hub towns, and a longer campaign. Players are able to customize character appearance with choice of sex, face, hair style and hair color. Additionally, several elements from the first game return, such as pets and fishing. \nThe game features four playable character classes. Each class has 3 skill trees to choose from which enable customization within each class.', 'Role-playing (RPG)', '2012-Sep-20', 'https://images.igdb.com/igdb/image/upload/t_1080p/jbxu6lex7wwo6v1hvoej.jpg', 9, '2018-04-22 03:49:19', '2018-04-22 03:49:19'),
(43, 'Grim Dawn', 'Grim Dawn is an action role-playing game intended for digital distribution on the PC. It is being developed by veterans of Iron Lore entertainment, the makers of Titan Quest. Grim Dawn is being built with Crate\'s own improved version of the Iron Lore engine and toolset; the same technology used to create Titan Quest. As a spiritual successor, Grim Dawn will attempt to better perfect the magical formula of exploration, character advancement, and loot collection pioneered by Diablo. \n \nPlayers will be thrust into the dark, war-torn world of Cairn where a once proud empire has been brought to ruin and the human race driven to the edge of extinction. Cairn has become ground zero of an eternal war between two otherworldly powers, one seeking to use human bodies as a resource, the other intent upon destroying the human race before that can happen. This cataclysmic war has not only decimated human civilization but is warping the very fabric of reality and, in its wake, giving life to new horrors. \n \nFor humankind it is the dawn of a grim new age where iron has replaced gold as currency and the importance of salt as a weapon makes it far too valuable to waste on food. Small enclaves of human survivors exist scattered throughout the world, holed up in hidden refuges. These humans have quietly watched the warring invaders destroy one another and have become wise to the strengths and vulnerabilities of their otherworldly foes. A few survivors have begun to exhibit strange new abilities after surviving possession or exposure to the warp. These unnatural powers are feared by some but give many new hope of launching a resistance to fight the \"outsiders\" and reclaim what is left of their world. \n \nYou are one such individual. Blessed, or perhaps cursed, by the touch of Aetherial influence, you have powers and strength beyond that of normal men. It is now up to you to take this fearsome potential and use it against the enemies of humanity. Will you be the one to save Cairn from its grim fate? Or is humanity doomed to extinction?', 'Role-playing (RPG)', '2016-Feb-25', 'https://images.igdb.com/igdb/image/upload/t_1080p/abszadlh5zljw1qrgtip.jpg', 9, '2018-04-22 03:49:19', '2018-04-22 03:49:19'),
(44, 'Victor Vran', 'Victor Vran is an isometric Action-RPG with a massive selection of weapons, items, outfits, demon powers and destiny cards. Experience intense combat action with dozens of enemies attacking you from all sides and unleash powerful skills to finish them off! \n \nVictor Vran lets you decide how to play the game. Forge your own personal version of Victor thanks to a vast array of powerful weapons, game-changing outfits, wicked demon powers and destiny cards. Use special moves, combine skills and weapons to wipe out hordes of hideous beasts and clever boss monsters. \n \nSlaying demons doesn’t have to be a lonely affair – team up with friends online and explore the story of the dark world together in a full co-op experience.', 'Role-playing (RPG)', '2015-Jul-24', 'https://images.igdb.com/igdb/image/upload/t_1080p/ahktkzjkrfqds9mvdbnw.jpg', 9, '2018-04-22 03:49:19', '2018-04-22 03:49:19'),
(45, 'Street Fighter V', 'The legendary fighting franchise returns with STREET FIGHTER V. Stunning visuals depict the next generation of World Warriors in unprecedented detail, while exciting and accessible battle mechanics deliver endless fighting fun that both beginners and veterans can enjoy.', 'Fighting', '2016-Feb-16', 'https://images.igdb.com/igdb/image/upload/t_1080p/gmttmdupzzqbdsoaqpvt.jpg', 10, '2018-04-22 03:49:20', '2018-04-22 03:49:20'),
(46, 'Mortal Kombat X', 'Mortal Kombat X combines unparalleled, cinematic presentation with all new gameplay to deliver the most brutal Kombat experience ever. For the first time, Mortal Kombat X gives players the ability to choose from multiple variations of each character impacting both strategy and fighting style. And with a new fully-connected gameplay experience, players are launched into a persistent online contest where every fight matters in a global battle for supremacy.', 'Fighting', '2015-Apr-14', 'https://images.igdb.com/igdb/image/upload/t_1080p/i6cdigmw2tb09uw27hgo.jpg', 10, '2018-04-22 03:49:20', '2018-04-22 03:49:20'),
(47, 'Tekken 7', 'Experience the epic conclusion of the Mishima clan and unravel the reasons behind each step of their ceaseless fight. Powered by Unreal Engine 4, TEKKEN 7 features stunning story-driven cinematic battles and intense duels that can be enjoyed with friends and rivals alike through innovative fight mechanics.', 'Fighting', '2017-Jun-02', 'https://images.igdb.com/igdb/image/upload/t_1080p/wjtfjrmcqmhxuc8n9jxl.jpg', 10, '2018-04-22 03:49:20', '2018-04-22 03:49:20'),
(48, 'WWE 2K17', 'Welcome to Suplex City, courtesy of cover Superstar Brock Lesnar! WWE 2K17 arrives as the reigning and defending flagship WWE video game franchise champion! WWE 2K17 features stunning graphics, ultra-authentic gameplay and a massive roster of WWE and NXT\'s popular Superstars and Legends. \n \nExperience the most authentic WWE gameplay ever, featuring thousands of new moves and animations, backstage and in-arena brawling, and the biggest roster of WWE and NXT Superstars and Legends to date.', 'Simulator', '2017-Dec-06', 'https://images.igdb.com/igdb/image/upload/t_1080p/zbv9p9fw5dt761w1ojdv.jpg', 10, '2018-04-22 03:49:20', '2018-04-22 03:49:20'),
(49, 'Dragon Ball FighterZ', 'DRAGON BALL FighterZ is born from what makes the DRAGON BALL series so loved and famous: endless spectacular fights with its all-powerful fighters.', 'Fighting', '2018-Jan-26', 'https://images.igdb.com/igdb/image/upload/t_1080p/d3u9twanoznp5fspuzpe.jpg', 10, '2018-04-22 03:49:20', '2018-04-22 03:49:20'),
(50, 'Surviving Mars', 'Surviving Mars is a sci-fi city builder all about colonizing Mars and surviving the process. Choose a space agency for resources and financial support before determining a location for your colony. Build domes and infrastructure, research new possibilities and utilize drones to unlock more elaborate ways to shape and expand your settlement. Cultivate your own food, mine minerals or just relax by the bar after a hard day’s work. Most important of all, though, is keeping your colonists alive. Not an easy task on a strange new planet.', 'Simulator', '2018-Mar-15', 'https://images.igdb.com/igdb/image/upload/t_1080p/p4zp7oziu9tzulxwwxph.jpg', 11, '2018-04-22 03:49:22', '2018-04-22 03:49:22'),
(51, 'Cities: Skylines', 'Cities: Skylines is a modern take on the classic city simulation. The game introduces new game play elements to realize the thrill and hardships of creating and maintaining a real city whilst expanding on some well-established tropes of the city building experience. From the makers of the Cities in Motion franchise, the game boasts a fully realized transport system. It also includes the ability to mod the game to suit your play style as a fine counter balance to the layered and challenging simulation. You’re only limited by your imagination, so take control and reach for the sky!', 'Simulator', '2015-Mar-10', 'https://images.igdb.com/igdb/image/upload/t_1080p/dxulvb2wcuoqucxhdx40.jpg', 11, '2018-04-22 03:49:22', '2018-04-22 03:49:22'),
(52, 'Planet Coaster', 'Planet Coaster is a construction and management simulation video game. Similar to its spiritual predecessor, the game allows players to build different theme park rides and roller-coasters. These player-created attractions can be shared through a mechanic called “global village”.', 'Simulator', '2016-Nov-17', 'https://images.igdb.com/igdb/image/upload/t_1080p/rdk5xgeyvh9foupt0vu3.jpg', 11, '2018-04-22 03:49:22', '2018-04-22 03:49:22'),
(53, 'Northgard', 'Northgard is a strategy game based on Norse mythology in which you control a clan of Vikings vying for the control of a mysterious newfound continent.', 'Simulator', '2018-Mar-07', 'https://images.igdb.com/igdb/image/upload/t_1080p/guqifzispzew1rubnyzd.jpg', 11, '2018-04-22 03:49:22', '2018-04-22 03:49:22'),
(54, 'Overcooked', 'Overcooked is a co-op cooking game for 1-4 players. Working as a team, you and your fellow chefs must prepare, cook and serve up a variety of tasty orders before the baying customers storm out. \n \nTake part in an epic journey across the Onion Kingdom and tackle an increasingly challenging and bizarre gauntlet of kitchens which will push your skills of co-operation and co-ordination to the very limits.', 'Simulator', '2016-Aug-03', 'https://images.igdb.com/igdb/image/upload/t_1080p/zqjb9a7dp6umn2jtjsj9.jpg', 11, '2018-04-22 03:49:22', '2018-04-22 03:49:22'),
(55, 'Stellaris', 'Explore a vast galaxy full of wonder! Paradox Development Studio, makers of the Crusader Kings and Europa Universalis series presents Stellaris, an evolution of the grand strategy genre with space exploration at its core. \n \nFeaturing deep strategic gameplay, an enormous selection of alien races and emergent storytelling, Stellaris has a deeply challenging system that rewards interstellar exploration as you traverse, discover, interact and learn more about the multitude of species you will encounter during your travels. \n \nEtch your name across the cosmos by uncovering remote celestial outposts,and entire civilizations. Will you expand through war or walk the path of diplomacy to achieve your goals?', 'Simulator', '2016-May-09', 'https://images.igdb.com/igdb/image/upload/t_1080p/ujsjevcu9ynrfmbkzkic.jpg', 12, '2018-04-22 03:49:23', '2018-04-22 03:49:23'),
(56, 'Hearts of Iron IV', 'Victory is at your fingertips! Your ability to lead your nation is your supreme weapon, the strategy game Hearts of Iron IV lets you take command of any nation in World War II; the most engaging conflict in world history. \n \nFrom the heart of the battlefield to the command center, you will guide your nation to glory and wage war, negotiate or invade. You hold the power to tip the very balance of WWII. It is time to show your ability as the greatest military leader in the world. Will you relive or change history? Will you change the fate of the world?', 'Real Time Strategy (RTS)', '2016-Jun-06', 'https://images.igdb.com/igdb/image/upload/t_1080p/suhvfhmx8h4dvz43ju0q.jpg', 12, '2018-04-22 03:49:23', '2018-04-22 03:49:23');
INSERT INTO `games` (`id`, `name`, `description`, `genre`, `release_date`, `image`, `gamepack_id`, `created_at`, `updated_at`) VALUES
(57, 'Crusader Kings II', 'The Dark Ages might be drawing to a close, but Europe is still in turmoil. Petty lords vie against beleaguered kings who struggle to assert control over their fragmented realms. The Pope calls for a Crusade to protect the Christians in the Holy Land even as he refuses to relinquish control over the investiture of bishops - and their riches. Now is the time for greatness. Expand your demesne and secure the future of your dynasty. Fill your coffers, appoint vassals, root out traitors and heretics, introduce laws and interact with hundreds of nobles, each with their own agenda.  \nA good lord will always need friends to support him. But beware, as loyal vassals can quickly turn to bitter rivals, and some might not be as reliable as they seem... Stand ready, and increase your prestige until the world whispers your name in awe. Do you have what it takes to become a Crusader King?  \nCrusader Kings II explores one of the defining periods in world history in an experience crafted by the masters of Grand Strategy. Medieval Europe is brought to life in this epic game of knights, schemes, and thrones...', 'Role-playing (RPG)', '2012-Feb-27', 'https://images.igdb.com/igdb/image/upload/t_1080p/nycu8euxa3dq4x2idewd.jpg', 12, '2018-04-22 03:49:23', '2018-04-22 03:49:23'),
(58, 'Steel Division: Normandy 44', 'Steel Division: Normandy 44 is a Tactical Real-Time Strategy (RTS) game, developed by Eugen Systems, the creators of titles like Wargame and R.U.S.E. This new game puts players in command of detailed, historically accurate tanks, troops, and vehicles at the height of World War II. Players can measure their tactical skills against several opponents in big multiplayer battles or against enemies in a challenging single-player campaign. Steel Division: Normandy 44 allows players to take control over legendary military divisions from six different countries, such as the American 101st Airborne, the German armored 21st Panzer or the 3rd Canadian Division, during the invasion of Normandy in 1944.', 'Real Time Strategy (RTS)', '2017-May-23', 'https://images.igdb.com/igdb/image/upload/t_1080p/oe4uwyi8qrqyrthk87rw.jpg', 12, '2018-04-22 03:49:23', '2018-04-22 03:49:23'),
(59, 'Europa Universalis IV', 'Paradox Development Studio is back with the fourth installment of the game that defined the Grand Strategy Genre. Europa Universalis IV gives you control of a nation to guide through the years in order to create a dominant global empire. Rule your nation through the centuries, with unparalleled freedom, depth and historical accuracy.\n\nTrue exploration, trade, warfare and diplomacy will be brought to life in this epic title rife with rich strategic and tactical depth.', 'Real Time Strategy (RTS)', '2013-Aug-13', 'https://images.igdb.com/igdb/image/upload/t_1080p/wq0tswx231bzvfdelxtx.jpg', 12, '2018-04-22 03:49:23', '2018-04-22 03:49:23'),
(60, 'Minecraft: Story Mode', 'Minecraft: Story Mode will be an all-new narrative-driven game series developed by Telltale in collaboration with Mojang. Set in the world of Minecraft, the series will feature an original story, driven by player choice. It will not be an add-on for Minecraft, but rather a separate stand-alone product that will premiere in 2015 on consoles, computers and mobile devices.', 'Adventure', '2016-Apr-12', 'https://images.igdb.com/igdb/image/upload/t_1080p/qbuzkwbj8kskaphzcfsr.jpg', 13, '2018-04-22 03:49:24', '2018-04-22 03:49:24'),
(61, 'Batman: The Telltale Series', 'Enter the fractured psyche of Bruce Wayne and discover the powerful and far-reaching consequences of your choices as the Dark Knight. \n \nIn this gritty and violent new story from the award-winning creators of The Walking Dead – A Telltale Games Series, you\'ll make discoveries that will shatter Bruce Wayne\'s world, and the already fragile stability of a corrupt Gotham City.', 'Point-and-click', '2016-Aug-02', 'https://images.igdb.com/igdb/image/upload/t_1080p/tokrvdhnw1kjbmdkjbmz.jpg', 13, '2018-04-22 03:49:25', '2018-04-22 03:49:25'),
(62, 'The Walking Dead: A New Frontier', 'When family is all you have left…how far will you go to protect it? After society was ripped apart by undead hands, pockets of civilization emerge from the chaos. But at what cost? Can the living be trusted on this new frontier? As Javier, a young man determined to find the family taken from him, you meet a young girl who has experienced her own unimaginable loss. Her name is Clementine, and your fates are bound together in a story where every choice you make could be your last.', 'Adventure', '2016-Dec-21', 'https://images.igdb.com/igdb/image/upload/t_1080p/htukasmkr6mw7pb2zezg.jpg', 13, '2018-04-22 03:49:25', '2018-04-22 03:49:25'),
(63, 'Tales from the Borderlands', 'Tales from the Borderlands is a five part episodic game series from the creators of The Wolf Among Us and The Walking Dead: A Telltale Games Series. Set on the unforgiving world of Pandora after the events seen in Borderlands 2, this is a story full of Borderlands’ trademark humor, following two adventurers on their quest for greatness. \n \nYou’ll play as Rhys, a Hyperion ‘suit’ with dreams of being the next Handsome Jack, and Fiona, a Pandoran con artist looking to score her biggest ever swindle. Thrown together as unwilling partners in an adventure to recover cash they both think is theirs, their journey will take you on a wild ride where gangsters, bandit lords, and Vault Hunters are just some of the obstacles you’ll encounter, in this new take on the award-winning universe created by Gearbox Software.', 'Adventure', '2014-Nov-25', 'https://images.igdb.com/igdb/image/upload/t_1080p/auen8ixg9klqlyle8tq1.jpg', 13, '2018-04-22 03:49:25', '2018-04-22 03:49:25'),
(64, 'Game of Thrones: A Telltale Games Series', 'Game of Thrones: A TellTale Games Series is an episodic adventure game developed by TellTale Games and based on the famous HBO TV-show Game of Thrones, as well as the book \'A song of Ice and Fire\' by George R.R. Martin. \n\nYou play as the family members of House Forrester, a noble house from the north of Westeros, bannermen to House Glover, who has been loyal to House Stark of Winterfell for a long time. These characters are all caught up in the events of the war of the Five Kings, and they are placed in a critical position where every character must do everything in their power to prevent their precious house from going under.', 'Adventure', '2015-May-18', 'https://images.igdb.com/igdb/image/upload/t_1080p/zyjsspyvnuqae5kwx2vc.jpg', 13, '2018-04-22 03:49:25', '2018-04-22 03:49:25'),
(65, 'Fallout 4', 'Bethesda Game Studios, the award-winning creators of Fallout 3 and The Elder Scrolls V: Skyrim, welcome you to the world of Fallout 4 – their most ambitious game ever, and the next generation of open-world gaming.', 'Shooter', '2015-Nov-10', 'https://images.igdb.com/igdb/image/upload/t_1080p/vfyzvftuigeslbhueeht.jpg', 14, '2018-04-22 03:49:26', '2018-04-22 03:49:26'),
(66, 'Fallout 3', 'Fallout 3 from the creators of the award-winning Oblivion, featuring one of the most realized game worlds ever created. Create any kind of character you want and explore the open wastes of post-apocalyptic Washington D.C. Every minute is a fight for survival as you encounter Super Mutants, Ghouls, Raiders and other dangers of the Wasteland. Prepare for the future. \n \nThe third game in the Fallout series, Fallout 3 is a singleplayer action role-playing game (RPG) set in a post-apocalyptic Washington DC. Combining the horrific insanity of the Cold War era theory of mutually assured destruction gone terribly wrong, with the kitschy naivety of American 1950s nuclear propaganda, Fallout 3 will satisfy both players familiar with the popular first two games in its series as well as those coming to the franchise for the first time.', 'Shooter', '2009-Jan-15', 'https://images.igdb.com/igdb/image/upload/t_1080p/ldhvr54mlzowqkwonznf.jpg', 14, '2018-04-22 03:49:26', '2018-04-22 03:49:26'),
(67, 'Fallout: New Vegas', 'Fallout: New Vegas is set in and around a post-apocalyptic retro-futuristic Las Vegas, following the Great War between the U.S., and China as a conventional and nuclear war that occurred on October 22 - October 23, 2077, and lasted less than two hours, while causing immense damage and destruction. Before the Great War was the Resource Wars, during which the United Nations disbanded, a plague rendered the United States paranoid, and Canada was annexed. The city of Las Vegas itself wasn\'t hit as hard as most of the other districts, with most buildings being left intact as a result. The Hoover Dam supplies free electricity and water to those who control it.', 'Shooter', '2010-Nov-04', 'https://images.igdb.com/igdb/image/upload/t_1080p/rkldlhsginkkabox1hk6.jpg', 14, '2018-04-22 03:49:26', '2018-04-22 03:49:26'),
(68, 'Fallout 2', 'Fallout 2 is a role-playing open world video game. The player is free to move at will until they enter into combat. Combat gives them a number of action points to move, fire, check their equipment, reload and the like. When a player uses up all of their action points, they end their turn and enemies start theirs. If the player survives unharmed, he or she has their action points restored. Injuries and poisons can reduce the number of action points available both in a single term and semi-permanently until combat ends and the player can be treated. Combat and completion of jobs or quests rewards the player with experience points with which they can level up their characters and apply beneficial perks to become more suited to the dangerous post-apocalyptic world. General gameplay consists of traveling and interacting with local inhabitants and organizations to complete goals and aid or inhibit the NPCs. The player\'s actions dictate what future story or gameplay opportunities are available. Mature themes such as alcohol consumption, drug usage and sex are present. \n \nOrganized crime, prostitution and slavery are major elements of the setting. Character creation is based on the SPECIAL role-playing system.', 'Role-playing (RPG)', '1998-Sep-30', 'https://images.igdb.com/igdb/image/upload/t_1080p/nyziarcp7rb7ojhhibc5.jpg', 14, '2018-04-22 03:49:26', '2018-04-22 03:49:26'),
(69, 'Fallout', 'Gameplay in Fallout centers around the game world, visiting locations and interacting with the local inhabitants. Occasionally, inhabitants will be immersed in dilemmas which the player may choose to solve in order to acquire karma and experience points. Fallout deviates from most role-playing video games in that it often allows for the player to complete tasks in multiple ways, often choosing solutions that are unconventional or even contrary to the original task, in which case the player may still be rewarded. The player\'s actions may ultimately dictate the ending of the game, or what future story or gameplay opportunities are available.', 'Role-playing (RPG)', '1997-Sep-30', 'https://images.igdb.com/igdb/image/upload/t_1080p/tck7ssxxv3y4mdvq1g1z.jpg', 14, '2018-04-22 03:49:26', '2018-04-22 03:49:26'),
(70, 'Kerbal Space Program', 'In KSP, you must build space-worthy craft, capable of flying your crew out into space, without killing them. At your disposal is a collection of parts, which must be assembled to create a functional ship. Each part has its own function and will affect the way a ship flies (or doesn\'t). So strap yourself in, and get ready to try some Rocket Science! \n \nThe game has different game modes, you can play the Career Mode if you want to expand and manage your own Space Center, taking on missions and researching new technologies. Or you can play Sandbox mode if you\'re only interested in flying and discovering the Kerbal universe without restrictions. There is even a mid point between these two, Science mode.', 'Simulator', '2018-Jan-16', 'https://images.igdb.com/igdb/image/upload/t_1080p/wesqwuoscvvdzf0ue7ul.jpg', 15, '2018-04-22 03:49:27', '2018-04-22 03:49:27'),
(71, 'Farming Simulator 2013', 'Animal husbandry, crops, sales… It\'s up to you to manage and grow your own farm in a huge, totally new world!', 'Simulator', '2013-Sep-06', 'https://images.igdb.com/igdb/image/upload/t_1080p/ete4evpj1vyniqv4r4zo.jpg', 15, '2018-04-22 03:49:27', '2018-04-22 03:49:27'),
(72, 'Euro Truck Simulator 2', 'Euro Truck Simulator 2 is a vehicle simulation game developed and published by SCS Software for Microsoft Windows and Linux and was initially released as open development on October 19, 2012. The game is a direct sequel to the 2008 game Euro Truck Simulator and it is second video game in Euro Truck Simulator series. Set in Europe, the player can drive one of a choice of articulated trucks across a depiction of Europe, picking up cargo from various locations and delivering it. As the game progresses, it is possible for the player to buy more vehicles, depots, and hire drivers to work for them. Despite the name, players can also choose to deliver cargo in the USA.', 'Racing', '2012-Oct-18', 'https://images.igdb.com/igdb/image/upload/t_1080p/owxdjjsjcn9v3g25vcjx.jpg', 15, '2018-04-22 03:49:28', '2018-04-22 03:49:28'),
(73, 'Goat Simulator', 'Goat Simulator is a third-person perspective game in which the player controls a goat. There does not appear to be any kind of storyline or plot. The player is free to explore the game\'s world as a goat, destroying things in the environment, running, jumping, and licking. \"Goat Simulator is like an old school skating game, except instead of being a skater, you\'re a goat, and instead of doing tricks, you wreck stuff,\" explained the game\'s creators.\nThe game boasts the fact that various glitches and bugs have been intentionally left in the game, as to add to the light-hearted entertainment value. Another gameplay feature is the ability to \"lick\" objects with the goat\'s absurdly long tongue, which will then stick to the goat\'s tongue and can be carried and swung around to provide an alternative method of wreaking havoc on the game environment.\nWith over 2.5 million sales (on IOS, Android & 6PC combined) this Indie Game is the most successfull game of Coffee Stain Studios', 'Simulator', '2014-Sep-17', 'https://images.igdb.com/igdb/image/upload/t_1080p/dtgfvxwmyybz74fufojf.jpg', 15, '2018-04-22 03:49:28', '2018-04-22 03:49:28'),
(74, 'The Sims 4', 'The Sims 4 is the highly anticipated life simulation game that lets you play with life like never before. Create new Sims with intelligence and emotion. Experience all new intuitive and fun creative tools to sculpt your Sims and build unique homes. Control the mind, body, and heart of your Sims, and bring your stories to life.', 'Simulator', '2017-Nov-17', 'https://images.igdb.com/igdb/image/upload/t_1080p/ipprn0qv5n0bztlzp8em.jpg', 15, '2018-04-22 03:49:28', '2018-04-22 03:49:28'),
(75, 'Call of Duty: WWII', 'Call of Duty: WWII creates the definitive World War II next generation experience across three different game modes: Campaign, Multiplayer, and Co-Operative. Featuring stunning visuals, the Campaign transports players to the European theater as they engage in an all-new Call of Duty story set in iconic World War II battles. Multiplayer marks a return to original, boots-on-the ground Call of Duty gameplay. Authentic weapons and traditional run-and-gun action immerse you in a vast array of World War II-themed locations. The Co-Operative mode unleashes a new and original story in a standalone game experience full of unexpected, adrenaline-pumping moments.', 'Shooter', '2017-Nov-03', 'https://images.igdb.com/igdb/image/upload/t_1080p/e7vzqpimo6pwovewqqli.jpg', 16, '2018-04-22 03:49:29', '2018-04-22 03:49:29'),
(76, 'Call of Duty: Infinite Warfare', 'Call of Duty: Infinite Warfare delivers three unique game modes: Campaign, Multiplayer, and Zombies. Campaign is a return to the gritty, military roots of the franchise, while boldly looking ahead, delivering a rich and engaging narrative that is unlike anything to date in a Call of Duty game. The player will embark on a classically-styled story about grand scale warfare, set in a future where human conflict has spread throughout our solar system. \n\nMultiplayer combines popular mechanics such as the chained-based movement system, with a load of gameplay innovations to deliver one of the deepest and most engaging online experiences in gaming. The new Zombies mode will thrill co-op players with an original, distinctive approach and an uproarious narrative sure to excite fans. The title introduces stunning, multi-planetary environments, new weaponry, and all-new player abilities.', 'Shooter', '2016-Nov-04', 'https://images.igdb.com/igdb/image/upload/t_1080p/eal3ny34yjjyirfio9wj.jpg', 16, '2018-04-22 03:49:29', '2018-04-22 03:49:29'),
(77, 'Call of Duty: Modern Warfare 2', 'Call of Duty: Modern Warfare 2 is a first-person shooter video game developed by Infinity Ward and published by Activision for the Xbox 360 and PlayStation 3 video game consoles and the Microsoft Windows operating system. Officially announced on February 11, 2009, the game was released worldwide on November 10, 2009. It is the sixth installment of the Call of Duty series and the direct sequel to Call of Duty 4: Modern Warfare, continuing the same storyline, with Call of Duty: Modern Warfare 3 set to end the storyline.', 'Shooter', '2009-Dec-10', 'https://images.igdb.com/igdb/image/upload/t_1080p/ky6nhzxx6aoje50cryzs.jpg', 16, '2018-04-22 03:49:29', '2018-04-22 03:49:29'),
(78, 'Call of Duty: Black Ops', 'Call of Duty: Black Ops takes place during the 1960s in the Cold War. It focuses on CIA clandestine black operations carried out behind enemy lines. Missions take place in various locations around the globe such as the Ural Mountains in central Russia, Cuba, Kazakhstan, Hong Kong, Laos, Vietnam, and the Arctic circle. The single-player campaign revolves around an experimental chemical weapon codenamed \"Nova-6\".', 'Shooter', '2010-Nov-09', 'https://images.igdb.com/igdb/image/upload/t_1080p/yu50is2qz5ohy8bfj3lb.jpg', 16, '2018-04-22 03:49:29', '2018-04-22 03:49:29'),
(79, 'Call of Duty: World at War', 'Call of Duty: World at War immerses players into the most gritty and chaotic WWII combat ever experienced. Players band together to survive the most harrowing and climactic battles that led to the demise of the Axis powers on the European and Pacific fronts.', 'Shooter', '2008-Nov-14', 'https://images.igdb.com/igdb/image/upload/t_1080p/iqnaa3toswjvakfzpyre.jpg', 16, '2018-04-22 03:49:29', '2018-04-22 03:49:29'),
(80, 'Tom Clancy\'s Ghost Recon: Wildlands', 'Bolivia, a few years from now: this beautiful South American country has become the largest cocaine producer in the world. The influential and vicious Santa Blanca drug cartel has turned the country into a narco-state, leading to lawlessness, fear, injustice, and violence. The cartel is on track to becoming a major underworld power and global threat. \n \nAn all-out war is not the answer. A surgical, stealthy, lethal approach is the only way to stop the disease at its source. The Ghosts, an elite US Special Forces team, are sent behind enemy lines to wreak havoc, destabilize, and eventually break the alliance between the cartel and the corrupted government. \n \nFacing an almighty enemy in a massive and hostile environment, the Ghosts will need to make critical moral choices and engage in tough battles to complete their mission – their grittiest and most dangerous operation to date.', 'Shooter', '2017-Mar-07', 'https://images.igdb.com/igdb/image/upload/t_1080p/hopbipftq7f10jyuynwj.jpg', 17, '2018-04-22 03:49:31', '2018-04-22 03:49:31'),
(81, 'Tom Clancy\'s The Division 2', '', 'Shooter', 'TBD', 'https://images.igdb.com/igdb/image/upload/t_1080p/kvofedvtcpheokcmsyfz.jpg', 17, '2018-04-22 03:49:31', '2018-04-22 03:49:31'),
(82, 'Tom Clancy\'s Rainbow Six: Siege', 'Inspired by the reality of counter terrorist operatives across the world, Rainbow Six Siege invites players to master the art of destruction. Intense close quarters confrontations, high lethality, tactics, team play, and explosive action are at the center of the experience. The multiplayer gameplay of Rainbow Six Siege sets a new bar for intense firefights and expert strategy in the rich legacy of past Rainbow Six games.', 'Shooter', '2015-Dec-01', 'https://images.igdb.com/igdb/image/upload/t_1080p/ktvusahfu7kmoqbpjbkz.jpg', 17, '2018-04-22 03:49:31', '2018-04-22 03:49:31'),
(83, 'Tom Clancy\'s Ghost Recon: Future Soldier', 'The story of a Vengeance, the history of a secret war. \n \nWhen a stolen military grade bomb takes out a Ghost squad, a new Ghost Unit must track down the source of the weapons. But the trail Kozak, Ghost Lead, Pepper and 30K follow leads around the world, into the corridors of power where rebellion and war are brewing. Soon, the Ghosts are all that stands between the world and a devastating global conflict.', 'Shooter', '2012-May-25', 'https://images.igdb.com/igdb/image/upload/t_1080p/zvyei49z6qfnrobetpob.jpg', 17, '2018-04-22 03:49:31', '2018-04-22 03:49:31'),
(84, 'Tom Clancy\'s Splinter Cell: Blacklist', 'Splinter Cell Blacklist builds on the stealth roots of the franchise, while exploring new directions to embrace the realms of action and adventure. Players can define their personal play styles and be rewarded for those choices. \n \nGhost players want to remain undetected. \nAssault players rely on instincts and firepower to deal with a situation. \nPanther players strike lethally from the shadows in the most efficient and silent way.', 'Shooter', '2013-Aug-22', 'https://images.igdb.com/igdb/image/upload/t_1080p/xwnlvyxa4ezkpnfhzqbn.jpg', 17, '2018-04-22 03:49:31', '2018-04-22 03:49:31'),
(85, 'Assassin\'s Creed: Origins', 'For the last four years, the team behind Assassin’s Creed IV Black Flag has been crafting a new beginning for the Assassin’s Creed franchise. \n \nSet in Ancient Egypt, players will journey to the most mysterious place in history, during a crucial period that will shape the world and give rise to the Assassin’s Brotherhood. Plunged into a living, systemic and majestic open world, players are going to discover vibrant ecosystems, made of diverse and exotic landscapes that will provide them with infinite opportunities of pure exploration, adventures and challenges. \n \nPowered by a new fight philosophy, Assassin\'s Creed Originsembraces a brand new RPG direction where players level up, loot, and choose abilities to shape and customize their very own skilled Assassin as they grow in power and expertise while exploring the entire country of Ancient Egypt.', 'Role-playing (RPG)', '2017-Oct-27', 'https://images.igdb.com/igdb/image/upload/t_1080p/l2dza03yjs6j5u6uuak2.jpg', 18, '2018-04-22 03:49:32', '2018-04-22 03:49:32'),
(86, 'Assassin\'s Creed: Syndicate', 'London, 1868. The Industrial Revolution unleashes an incredible age of invention, transforming the lives of millions with technologies once thought impossible. Opportunities created during this period have people rushing to London to engage in this new world, a world no longer controlled by kings, emperors, politicians, or religion, but by a new common denominator: money. \n \nNot everyone is able to enjoy the benefits of this boom, however. Despite fueling the engine of the British Empire, workers’ lives are little more than legalized slavery while the top few percent profit from their labor. Living poor and dying young, the lower class unite in protest as a new kind of family, gangs, who turn to a life in the underworld in their struggle to survive. A struggle, until watchful Assassins come to their side and re-ignite an age-old conflict involving London’s leaders that will echo throughout modern history, from the underground up. \n \nIntroducing Jacob Frye, who with the help of his twin sister Evie, will change the fate of millions in Assassin’s Creed® Syndicate. Rise to rally and lead the underworld to break the corrupt stranglehold on London in a visceral adventure filled with action, intrigue, and brutal combat.', 'Adventure', '2015-Nov-19', 'https://images.igdb.com/igdb/image/upload/t_1080p/ejaxlconeyvs1mxz5rv8.jpg', 18, '2018-04-22 03:49:32', '2018-04-22 03:49:32'),
(87, 'Assassin\'s Creed: Black Flag: Freedom Cry', 'Born a slave, Adewale found freedom as a pirate aboard Edward Kenway’s ship, the Jackdaw. 15 years later, Adewale has become a trained Assassin who finds himself shipwrecked in Saint-Domingue without weapons or crew. He now has to acquire a ship and gather his own crew to free the slaves and avenge them. Over 3 hours of new single-player gameplay!', 'Fighting', '2014-Feb-18', 'https://images.igdb.com/igdb/image/upload/t_1080p/nwth7orvymvobzjqqakl.jpg', 18, '2018-04-22 03:49:32', '2018-04-22 03:49:32'),
(88, 'Assassin\'s Creed: Unity', 'Paris, 1789. The French Revolution turns a once-magnificent city into a place of terror and chaos. Its cobblestoned streets run red with the blood of commoners who dare to rise up against an oppressive aristocracy. Yet as the nation tears itself apart, a young man named Arno will embark upon an extraordinary journey to expose the true powers behind the Revolution. His pursuit will throw him into the middle of a ruthless struggle for the fate of a nation, and transform him into a true Master Assassin.', 'Adventure', '2014-Nov-20', 'https://images.igdb.com/igdb/image/upload/t_1080p/bobbrkkzmqahsgieuhge.jpg', 18, '2018-04-22 03:49:32', '2018-04-22 03:49:32'),
(89, 'Assassin\'s Creed: Rogue', '1751. North America. Amidst the chaos and violence of the French and Indian War, Shay Patrick Cormac, a fearless young member of the Assassins order, undergoes a dark transformation that will shape the future of the brotherhood forever. After arguing over a dangerous mission gone tragically wrong, Shay is betrayed by the Assassins who attempt to end his life. Cast aside by those he once called brothers, Shay sets out on a mission to wipe out all who turned against him and ultimately become the most feared Assassin hunter in history. Introducing Assassin’s Creed Rogue, the darkest chapter in the Assassin’s Creed franchise yet. As Shay, you will experience the slow transformation from Assassin to Assassin Hunter. Follow your own creed and set off on an extraordinary journey through New York City, the wild river valley, and far away to the icy cold waters of the North Atlantic in pursuit of your ultimate goal to bring down the Assassins.', 'Adventure', '2014-Nov-13', 'https://images.igdb.com/igdb/image/upload/t_1080p/xenpeyawxtuqsqctejc6.jpg', 18, '2018-04-22 03:49:33', '2018-04-22 03:49:33');

-- --------------------------------------------------------

--
-- Structure de la table `migrations`
--

CREATE TABLE `migrations` (
  `id` int(10) UNSIGNED NOT NULL,
  `migration` varchar(191) COLLATE utf8mb4_unicode_ci NOT NULL,
  `batch` int(11) NOT NULL
) ENGINE=InnoDB DEFAULT CHARSET=utf8mb4 COLLATE=utf8mb4_unicode_ci;

--
-- Déchargement des données de la table `migrations`
--

INSERT INTO `migrations` (`id`, `migration`, `batch`) VALUES
(1, '2014_10_12_000000_create_users_table', 1),
(2, '2014_10_12_100000_create_password_resets_table', 1),
(3, '2018_04_20_164109_create_gamepacks_table', 1),
(4, '2018_04_20_180017_create_games_table', 1);

-- --------------------------------------------------------

--
-- Structure de la table `password_resets`
--

CREATE TABLE `password_resets` (
  `email` varchar(191) COLLATE utf8mb4_unicode_ci NOT NULL,
  `token` varchar(191) COLLATE utf8mb4_unicode_ci NOT NULL,
  `created_at` timestamp NULL DEFAULT NULL
) ENGINE=InnoDB DEFAULT CHARSET=utf8mb4 COLLATE=utf8mb4_unicode_ci;

-- --------------------------------------------------------

--
-- Structure de la table `users`
--

CREATE TABLE `users` (
  `id` int(10) UNSIGNED NOT NULL,
  `name` varchar(191) COLLATE utf8mb4_unicode_ci NOT NULL,
  `email` varchar(191) COLLATE utf8mb4_unicode_ci NOT NULL,
  `password` varchar(191) COLLATE utf8mb4_unicode_ci NOT NULL,
  `remember_token` varchar(100) COLLATE utf8mb4_unicode_ci DEFAULT NULL,
  `created_at` timestamp NULL DEFAULT NULL,
  `updated_at` timestamp NULL DEFAULT NULL,
  `role` enum('user','admin') COLLATE utf8mb4_unicode_ci NOT NULL DEFAULT 'user'
) ENGINE=InnoDB DEFAULT CHARSET=utf8mb4 COLLATE=utf8mb4_unicode_ci;

--
-- Déchargement des données de la table `users`
--

INSERT INTO `users` (`id`, `name`, `email`, `password`, `remember_token`, `created_at`, `updated_at`, `role`) VALUES
(1, 'admin', 'admin@bundlestore.com', '$2y$10$yjXqFBlrL5QATjUuX5egNulmCaWo.b.Ialh2TwtpsvGRXhVs3bk4C', NULL, '2018-04-22 03:48:58', '2018-04-22 03:48:58', 'admin'),
(2, 'user', 'user@gmail.com', '$2y$10$KWXk/ZRNDUrNKpT0sUGPF.eC8Z8GeyaugLZb4fmlfQs7oxeH8Ncnu', NULL, '2018-04-22 03:48:58', '2018-04-22 03:48:58', 'user');

--
-- Index pour les tables déchargées
--

--
-- Index pour la table `gamepacks`
--
ALTER TABLE `gamepacks`
  ADD PRIMARY KEY (`id`),
  ADD UNIQUE KEY `gamepacks_name_unique` (`name`),
  ADD UNIQUE KEY `gamepacks_slug_unique` (`slug`);

--
-- Index pour la table `games`
--
ALTER TABLE `games`
  ADD PRIMARY KEY (`id`),
  ADD KEY `games_gamepack_id_foreign` (`gamepack_id`);

--
-- Index pour la table `migrations`
--
ALTER TABLE `migrations`
  ADD PRIMARY KEY (`id`);

--
-- Index pour la table `password_resets`
--
ALTER TABLE `password_resets`
  ADD KEY `password_resets_email_index` (`email`);

--
-- Index pour la table `users`
--
ALTER TABLE `users`
  ADD PRIMARY KEY (`id`),
  ADD UNIQUE KEY `users_email_unique` (`email`);

--
-- AUTO_INCREMENT pour les tables déchargées
--

--
-- AUTO_INCREMENT pour la table `gamepacks`
--
ALTER TABLE `gamepacks`
  MODIFY `id` int(10) UNSIGNED NOT NULL AUTO_INCREMENT, AUTO_INCREMENT=19;

--
-- AUTO_INCREMENT pour la table `games`
--
ALTER TABLE `games`
  MODIFY `id` int(10) UNSIGNED NOT NULL AUTO_INCREMENT, AUTO_INCREMENT=90;

--
-- AUTO_INCREMENT pour la table `migrations`
--
ALTER TABLE `migrations`
  MODIFY `id` int(10) UNSIGNED NOT NULL AUTO_INCREMENT, AUTO_INCREMENT=5;

--
-- AUTO_INCREMENT pour la table `users`
--
ALTER TABLE `users`
  MODIFY `id` int(10) UNSIGNED NOT NULL AUTO_INCREMENT, AUTO_INCREMENT=3;

--
-- Contraintes pour les tables déchargées
--

--
-- Contraintes pour la table `games`
--
ALTER TABLE `games`
  ADD CONSTRAINT `games_gamepack_id_foreign` FOREIGN KEY (`gamepack_id`) REFERENCES `gamepacks` (`id`) ON DELETE CASCADE;
COMMIT;

/*!40101 SET CHARACTER_SET_CLIENT=@OLD_CHARACTER_SET_CLIENT */;
/*!40101 SET CHARACTER_SET_RESULTS=@OLD_CHARACTER_SET_RESULTS */;
/*!40101 SET COLLATION_CONNECTION=@OLD_COLLATION_CONNECTION */;
